{"stat.chestOpened":4,"stat.flyOneCm":56,"stat.walkOneCm":12325,"stat.mineBlock.minecraft.tnt":9,"stat.swimOneCm":3503,"stat.jump":41,"stat.playerKills":1,"stat.playOneMinute":6753,"achievement.openInventory":2,"stat.fallOneCm":1199,"stat.leaveGame":1,"stat.damageTaken":340,"stat.damageDealt":240,"stat.timeSinceDeath":6753,"achievement.mineWood":5,"stat.useItem.minecraft.dirt":1,"stat.sprintOneCm":2898,"stat.mineBlock.minecraft.dirt":1,"stat.mineBlock.minecraft.log":5,"achievement.exploreAllBiomes":{"value":0,"progress":["Birch Forest Hills","River","Desert"]},"stat.mineBlock.minecraft.tallgrass":2,"stat.diveOneCm":17156,"stat.mineBlock.minecraft.clay":7}