{"stat.chestOpened":2,"stat.walkOneCm":73146,"stat.playerKills":4,"stat.horseOneCm":336,"stat.useItem.minecraft.iron_axe":7,"stat.leaveGame":3,"stat.craftItem.minecraft.crafting_table":1,"stat.jump":229,"stat.swimOneCm":3540,"stat.fallOneCm":6003,"stat.craftItem.minecraft.iron_ingot":9,"stat.sprintOneCm":1803,"achievement.exploreAllBiomes":{"value":0,"progress":["Birch Forest Hills","Beach","Birch Forest","River","Ocean"]},"stat.craftItem.minecraft.stick":16,"stat.craftItem.minecraft.wooden_axe":1,"stat.craftingTableInteraction":1,"achievement.openInventory":9,"stat.craftItem.minecraft.planks":20,"stat.damageTaken":1277,"stat.mineBlock.minecraft.crafting_table":1,"stat.useItem.minecraft.wooden_pickaxe":1,"stat.mobKills":1,"stat.craftItem.minecraft.wooden_sword":1,"stat.mineBlock.minecraft.log":5,"stat.flyOneCm":3845,"stat.deaths":4,"stat.playOneMinute":19408,"stat.useItem.minecraft.wooden_sword":22,"stat.damageDealt":1545,"stat.timeSinceDeath":3403,"stat.useItem.minecraft.crafting_table":1,"stat.mineBlock.minecraft.dirt":6,"stat.craftItem.minecraft.wooden_pickaxe":1,"stat.killEntity.Pig":1,"stat.diveOneCm":8997}