{"stat.chestOpened":7,"stat.walkOneCm":200461,"stat.horseOneCm":18146,"stat.leaveGame":4,"stat.killEntity.Slime":8,"stat.useItem.minecraft.cobblestone":1,"stat.furnaceInteraction":2,"stat.killEntity.Creeper":1,"stat.swimOneCm":8199,"stat.jump":368,"stat.climbOneCm":494,"stat.fallOneCm":10701,"stat.crouchOneCm":512,"achievement.mineWood":6,"stat.craftItem.minecraft.iron_ingot":2,"stat.useItem.minecraft.dirt":4,"stat.sprintOneCm":94137,"achievement.exploreAllBiomes":{"value":0,"progress":["Birch Forest Hills","Beach","Birch Forest","Roofed Forest","River","Ocean","Plains","Swampland"]},"stat.craftItem.minecraft.stick":4,"stat.useItem.minecraft.water_bucket":2,"stat.craftingTableInteraction":3,"achievement.openInventory":30,"stat.useItem.minecraft.iron_sword":32,"stat.damageTaken":1009,"stat.mineBlock.minecraft.crafting_table":1,"stat.useItem.minecraft.wooden_pickaxe":7,"stat.mobKills":9,"stat.mineBlock.minecraft.log":7,"stat.useItem.minecraft.bucket":3,"stat.flyOneCm":59233,"stat.deaths":3,"stat.drop":12,"stat.mineBlock.minecraft.leaves":2,"stat.playOneMinute":27693,"stat.damageDealt":2790,"stat.timeSinceDeath":2946,"stat.mineBlock.minecraft.dirt":3,"stat.craftItem.minecraft.wooden_pickaxe":1,"stat.mineBlock.minecraft.stone":7,"stat.mineBlock.minecraft.tallgrass":10,"stat.diveOneCm":8388,"stat.craftItem.minecraft.iron_sword":1}