{"stat.walkOneCm":31158,"achievement.openInventory":5,"stat.leaveGame":2,"stat.damageTaken":1060,"stat.mineBlock.minecraft.double_plant":1,"stat.flyOneCm":20268,"stat.deaths":1,"stat.jump":169,"stat.swimOneCm":1137,"stat.mineBlock.minecraft.leaves":1,"stat.playOneMinute":8274,"stat.fallOneCm":5795,"stat.timeSinceDeath":7030,"stat.sprintOneCm":23294,"stat.mineBlock.minecraft.dirt":1,"achievement.exploreAllBiomes":{"value":0,"progress":["Birch Forest Hills","Birch Forest","Desert"]},"stat.diveOneCm":1748}