{"stat.horseOneCm":5410,"stat.useItem.minecraft.iron_axe":84,"stat.leaveGame":13,"stat.mineBlock.minecraft.cobblestone":42,"stat.craftItem.minecraft.iron_axe":1,"stat.useItem.minecraft.diamond_sword":44,"stat.useItem.minecraft.mutton":4,"stat.killEntity.PigZombie":1,"stat.swimOneCm":7530,"stat.climbOneCm":5348,"stat.useItem.minecraft.planks":82,"achievement.buildWorkBench":2,"stat.useItem.minecraft.dirt":12,"achievement.exploreAllBiomes":{"value":0,"progress":["Birch Forest Hills","Beach","Birch Forest","River","Ocean","Swampland"]},"stat.craftItem.minecraft.furnace":1,"achievement.diamonds":5,"stat.craftItem.minecraft.stone_pickaxe":1,"stat.useItem.minecraft.anvil":2,"stat.flyOneCm":168336,"achievement.buildPickaxe":1,"achievement.buildBetterPickaxe":1,"stat.mineBlock.minecraft.iron_ore":84,"stat.timeSinceDeath":212245,"stat.useItem.minecraft.iron_pickaxe":175,"stat.useItem.minecraft.sign":5,"stat.useItem.minecraft.wooden_slab":15,"stat.useItem.minecraft.iron_shovel":12,"stat.furnaceInteraction":11,"stat.mineBlock.minecraft.coal_ore":93,"stat.mineBlock.minecraft.ladder":1,"stat.useItem.minecraft.cooked_mutton":11,"achievement.mineWood":70,"stat.sprintOneCm":30211,"stat.useItem.minecraft.stone_stairs":8,"stat.craftItem.minecraft.stick":20,"stat.useItem.minecraft.stone_slab":89,"stat.useItem.minecraft.bed":3,"achievement.openInventory":190,"stat.mineBlock.minecraft.diamond_ore":6,"stat.mineBlock.minecraft.crafting_table":1,"stat.useItem.minecraft.diamond_pickaxe":550,"stat.useItem.minecraft.wooden_shovel":30,"stat.useItem.minecraft.beef":3,"achievement.buildFurnace":1,"stat.deaths":5,"stat.mineBlock.minecraft.planks":14,"stat.drop":9,"stat.playOneMinute":260931,"stat.useItem.minecraft.wooden_sword":2,"stat.craftItem.minecraft.wooden_shovel":1,"stat.useItem.minecraft.ladder":6,"stat.killEntity.Zombie":3,"stat.useItem.minecraft.birch_stairs":45,"stat.mineBlock.minecraft.gold_ore":8,"stat.mineBlock.minecraft.tallgrass":10,"stat.craftItem.minecraft.cooked_mutton":1,"stat.diveOneCm":3642,"stat.chestOpened":30,"stat.useItem.minecraft.stone":10,"stat.useItem.minecraft.diamond_axe":17,"stat.craftItem.minecraft.coal":27,"stat.jump":965,"stat.fallOneCm":11486,"stat.crouchOneCm":15037,"stat.mineBlock.minecraft.chest":2,"stat.craftItem.minecraft.iron_ingot":16,"stat.craftItem.minecraft.torch":12,"stat.craftingTableInteraction":8,"stat.useItem.minecraft.glass":4,"stat.mineBlock.minecraft.lapis_ore":4,"stat.mineBlock.minecraft.stone_stairs":3,"stat.damageTaken":3515,"stat.useItem.minecraft.stone_brick_stairs":7,"stat.mineBlock.minecraft.furnace":2,"stat.useItem.minecraft.wooden_pickaxe":59,"stat.useItem.minecraft.furnace":5,"stat.mineBlock.minecraft.gravel":7,"stat.useItem.minecraft.stone_pickaxe":69,"stat.useItem.minecraft.enchanting_table":1,"stat.damageDealt":6595,"stat.killEntity.Cow":2,"stat.mineBlock.minecraft.dirt":67,"stat.useItem.minecraft.crafting_table":4,"stat.walkOneCm":641967,"stat.useItem.minecraft.torch":19,"stat.playerKills":4,"stat.useItem.minecraft.chest":7,"stat.craftItem.minecraft.stone_stairs":8,"stat.useItem.minecraft.log":22,"stat.useItem.minecraft.cobblestone":219,"stat.craftItem.minecraft.crafting_table":2,"stat.minecartOneCm":464,"stat.useItem.minecraft.birch_fence_gate":2,"stat.killEntity.Skeleton":1,"stat.craftItem.minecraft.planks":308,"stat.itemEnchanted":1,"stat.killEntity.Spider":2,"stat.mobKills":9,"stat.useItem.minecraft.stonebrick":443,"stat.mineBlock.minecraft.log":81,"stat.useItem.minecraft.wooden_door":3,"achievement.acquireIron":5,"stat.mineBlock.minecraft.leaves":20,"stat.mineBlock.minecraft.redstone_ore":8,"stat.mineBlock.minecraft.stone":583,"stat.breakItem.minecraft.wooden_pickaxe":1}