{"stat.killEntity.EntityHorse":11,"stat.useItem.minecraft.quartz_block":409,"stat.leaveGame":90,"stat.useItem.minecraft.bookshelf":4,"stat.useItem.minecraft.lead":5,"stat.useItem.minecraft.glowstone":38,"stat.mineBlock.minecraft.sandstone":19,"stat.killEntity.PigZombie":3,"stat.useItem.minecraft.mutton":2,"stat.useItem.minecraft.planks":163,"stat.useItem.minecraft.golden_shovel":6,"stat.useItem.minecraft.nether_brick_stairs":1,"stat.useItem.minecraft.fire_charge":2,"stat.useItem.minecraft.water_bucket":14,"stat.useItem.minecraft.diamond_hoe":25,"stat.useItem.minecraft.rail":574,"stat.useItem.minecraft.anvil":3,"stat.mineBlock.minecraft.sand":22,"stat.killEntity.Villager":1,"stat.useItem.minecraft.spawn_egg":8,"stat.useItem.minecraft.iron_shovel":7,"stat.useItem.minecraft.oak_stairs":19,"stat.furnaceInteraction":22,"stat.useItem.minecraft.dark_oak_stairs":10,"stat.useItem.minecraft.minecart":28,"stat.useItem.minecraft.cooked_mutton":4,"achievement.mineWood":26,"stat.useItem.minecraft.stained_glass":77,"stat.useItem.minecraft.fence":1,"stat.useItem.minecraft.stone_stairs":165,"stat.useItem.minecraft.dark_oak_door":1,"achievement.openInventory":523,"stat.useItem.minecraft.flint_and_steel":2,"stat.useItem.minecraft.wheat_seeds":210,"stat.useItem.minecraft.dye":212,"stat.breakItem.minecraft.diamond_boots":2,"stat.useItem.minecraft.beef":4,"stat.deaths":9,"stat.useItem.minecraft.furnace_minecart":1,"stat.playOneMinute":1206358,"stat.mineBlock.minecraft.tallgrass":48,"stat.chestOpened":65,"stat.useItem.minecraft.stone":3,"stat.useItem.minecraft.jungle_fence":2,"stat.mineBlock.minecraft.netherrack":151,"stat.craftItem.minecraft.quartz_block":1,"stat.fallOneCm":102147,"stat.crouchOneCm":11235,"stat.craftItem.minecraft.iron_ingot":27,"stat.craftItem.minecraft.banner":3,"stat.craftingTableInteraction":11,"stat.mineBlock.minecraft.log2":18,"stat.useItem.minecraft.golden_rail":54,"stat.useItem.minecraft.dark_oak_fence":2,"stat.useItem.minecraft.stone_pickaxe":114,"stat.mineBlock.minecraft.glass":1,"stat.craftItem.minecraft.iron_leggings":1,"stat.killEntity.Rabbit":3,"stat.mineBlock.minecraft.dirt":52,"stat.useItem.minecraft.torch":44,"stat.useItem.minecraft.bread":4,"stat.craftItem.minecraft.stone_stairs":124,"stat.useItem.minecraft.log":2,"stat.useItem.minecraft.cobblestone":285,"stat.craftItem.minecraft.crafting_table":2,"stat.minecartOneCm":312896,"stat.useItem.minecraft.jungle_fence_gate":2,"stat.mineBlock.minecraft.golden_rail":2,"stat.craftItem.minecraft.gold_ingot":8,"stat.useItem.minecraft.iron_sword":90,"stat.craftItem.minecraft.planks":128,"stat.itemEnchanted":9,"stat.useItem.minecraft.stonebrick":1,"stat.mineBlock.minecraft.log":16,"stat.useItem.minecraft.stone_hoe":147,"stat.useItem.minecraft.spruce_door":9,"stat.useItem.minecraft.wooden_axe":1,"stat.horseOneCm":1069699,"stat.useItem.minecraft.iron_axe":62,"stat.mineBlock.minecraft.cobblestone":91,"stat.mineBlock.minecraft.pumpkin":2,"stat.useItem.minecraft.log2":257,"stat.useItem.minecraft.diamond_sword":167,"stat.swimOneCm":125451,"stat.climbOneCm":27968,"stat.mineBlock.minecraft.spruce_stairs":1,"achievement.buildWorkBench":2,"stat.useItem.minecraft.obsidian":27,"stat.useItem.minecraft.dirt":124,"stat.useItem.minecraft.stone_slab2":33,"achievement.exploreAllBiomes":{"value":0,"progress":["Birch Forest Hills","Savanna Plateau","Birch Forest","Roofed Forest","Plains","Beach","Ocean","River","Forest","Desert","Swampland","Deep Ocean","Savanna","Hell"]},"stat.craftItem.minecraft.iron_boots":2,"stat.craftItem.minecraft.cooked_beef":3,"stat.mineBlock.minecraft.obsidian":4,"stat.flyOneCm":1311989,"stat.useItem.minecraft.cooked_beef":2,"stat.mineBlock.minecraft.iron_ore":37,"stat.timeSinceDeath":509447,"stat.useItem.minecraft.sign":30,"stat.useItem.minecraft.wooden_slab":12,"stat.mineBlock.minecraft.enchanting_table":1,"stat.mineBlock.minecraft.coal_ore":83,"stat.killEntity.Creeper":3,"stat.talkedToVillager":1,"stat.useItem.minecraft.sea_lantern":69,"stat.useItem.minecraft.written_book":3,"stat.sprintOneCm":557894,"stat.craftItem.minecraft.stick":24,"stat.useItem.minecraft.stone_slab":81,"stat.useItem.minecraft.bed":1,"stat.craftItem.minecraft.stone":4,"stat.useItem.minecraft.diamond_pickaxe":1244,"stat.mineBlock.minecraft.quartz_block":11,"stat.useItem.minecraft.carrot":27,"stat.useItem.minecraft.bucket":14,"stat.mineBlock.minecraft.planks":11,"stat.drop":64,"stat.killEntity.Sheep":8,"stat.useItem.minecraft.banner":23,"stat.useItem.minecraft.ladder":6,"stat.killEntity.Zombie":31,"stat.mineBlock.minecraft.gold_ore":8,"stat.diveOneCm":124939,"stat.mineBlock.minecraft.mossy_cobblestone":5,"stat.useItem.minecraft.quartz_stairs":54,"stat.killEntity.Slime":6,"stat.mineBlock.minecraft.anvil":2,"stat.useItem.minecraft.rotten_flesh":1,"stat.jump":4137,"stat.useItem.minecraft.sand":5,"stat.craftItem.minecraft.bread":6,"stat.craftItem.minecraft.torch":64,"stat.craftItem.minecraft.iron_helmet":1,"stat.useItem.minecraft.glass":41,"stat.boatOneCm":175,"stat.mineBlock.minecraft.lapis_ore":5,"stat.mineBlock.minecraft.leaves2":3,"stat.mineBlock.minecraft.stone_stairs":12,"stat.damageTaken":7911,"stat.mineBlock.minecraft.torch":1,"stat.useItem.minecraft.acacia_door":1,"stat.useItem.minecraft.carrot_on_a_stick":2,"stat.craftItem.minecraft.birch_fence":3,"stat.useItem.minecraft.birch_fence":3,"stat.damageDealt":20566,"stat.killEntity.Cow":7,"stat.useItem.minecraft.crafting_table":3,"stat.killEntity.Pig":3,"stat.walkOneCm":1909758,"stat.mineBlock.minecraft.birch_fence":13,"stat.useItem.minecraft.chest":4,"stat.playerKills":7,"stat.useItem.minecraft.lava_bucket":1,"stat.craftItem.minecraft.birch_fence_gate":1,"stat.useItem.minecraft.redstone_block":48,"stat.useItem.minecraft.item_frame":2,"stat.useItem.minecraft.birch_fence_gate":1,"stat.useItem.minecraft.spruce_stairs":8,"stat.mineBlock.minecraft.wool":4,"stat.useItem.minecraft.stained_hardened_clay":5,"stat.useItem.minecraft.netherrack":53,"stat.killEntity.Skeleton":11,"stat.mineBlock.minecraft.stonebrick":1,"stat.killEntity.Chicken":11,"stat.useItem.minecraft.iron_block":4,"stat.killEntity.Spider":4,"stat.mineBlock.minecraft.quartz_ore":6,"stat.mineBlock.minecraft.glowstone":10,"stat.mobKills":107,"stat.useItem.minecraft.boat":1,"stat.mineBlock.minecraft.leaves":22,"stat.useItem.minecraft.writable_book":2,"stat.mineBlock.minecraft.redstone_ore":4,"stat.mineBlock.minecraft.stone":891,"stat.useItem.minecraft.sandstone":53}