{"stat.chestOpened":5,"stat.walkOneCm":227281,"stat.useItem.minecraft.bread":2,"stat.useItem.minecraft.torch":8,"stat.pigOneCm":215,"stat.leaveGame":9,"stat.useItem.minecraft.log":2,"stat.mineBlock.minecraft.cobblestone":1,"stat.useItem.minecraft.cobblestone":6,"stat.craftItem.minecraft.crafting_table":1,"stat.mineBlock.minecraft.double_plant":8,"stat.craftItem.minecraft.iron_axe":1,"stat.useItem.minecraft.porkchop":2,"stat.minecartOneCm":186,"stat.useItem.minecraft.mutton":1,"stat.swimOneCm":13335,"stat.jump":457,"stat.fallOneCm":5456,"stat.climbOneCm":736,"stat.entityKilledBy.Skeleton":1,"achievement.buildWorkBench":1,"stat.useItem.minecraft.rabbit":3,"stat.craftItem.minecraft.iron_chestplate":1,"stat.crouchOneCm":7,"achievement.buildSword":1,"achievement.mineWood":8,"stat.useItem.minecraft.dirt":8,"stat.sprintOneCm":54524,"achievement.exploreAllBiomes":{"value":0,"progress":["Birch Forest Hills","Savanna Plateau","Beach","Birch Forest","River","Ocean","Desert","Savanna","Hell"]},"stat.craftItem.minecraft.stick":4,"stat.craftingTableInteraction":3,"achievement.openInventory":26,"stat.craftItem.minecraft.planks":22,"stat.craftItem.minecraft.iron_boots":1,"stat.damageTaken":427,"stat.mineBlock.minecraft.crafting_table":1,"stat.useItem.minecraft.diamond_pickaxe":3,"stat.mineBlock.minecraft.torch":8,"stat.mobKills":8,"stat.mineBlock.minecraft.log":8,"stat.useItem.minecraft.beef":2,"stat.flyOneCm":20340,"stat.deaths":1,"stat.drop":2,"stat.mineBlock.minecraft.leaves":32,"stat.useItem.minecraft.writable_book":1,"stat.playOneMinute":59686,"stat.killEntity.Sheep":1,"stat.craftItem.minecraft.iron_leggings":1,"stat.damageDealt":760,"stat.killEntity.Rabbit":2,"stat.timeSinceDeath":53754,"stat.killEntity.Cow":2,"stat.useItem.minecraft.crafting_table":1,"stat.mineBlock.minecraft.dirt":1,"stat.killEntity.Pig":3,"stat.mineBlock.minecraft.stone":2,"stat.mineBlock.minecraft.tallgrass":17,"stat.diveOneCm":9586,"stat.craftItem.minecraft.iron_sword":1}