{"stat.walkOneCm":48782,"achievement.openInventory":2,"stat.craftItem.minecraft.planks":8,"stat.leaveGame":1,"stat.damageTaken":760,"stat.craftItem.minecraft.crafting_table":1,"stat.mineBlock.minecraft.yellow_flower":3,"stat.mobKills":4,"stat.mineBlock.minecraft.log":2,"stat.flyOneCm":1900,"stat.deaths":1,"stat.jump":116,"stat.mineBlock.minecraft.leaves":1,"stat.swimOneCm":199,"stat.playOneMinute":7406,"stat.fallOneCm":2303,"stat.killEntity.Sheep":4,"achievement.buildWorkBench":1,"stat.damageDealt":335,"stat.timeSinceDeath":5251,"achievement.mineWood":1,"stat.mineBlock.minecraft.dirt":2,"stat.sprintOneCm":11805,"stat.useItem.minecraft.crafting_table":1,"achievement.exploreAllBiomes":{"value":0,"progress":["Birch Forest Hills","Savanna Plateau","Savanna"]},"stat.mineBlock.minecraft.tallgrass":38,"stat.mineBlock.minecraft.red_mushroom":2,"stat.craftingTableInteraction":1}