{"stat.useItem.minecraft.bow":34,"stat.useItem.minecraft.quartz_block":5,"stat.killEntity.EntityHorse":1,"stat.leaveGame":24,"stat.useItem.minecraft.bookshelf":21,"stat.mineBlock.minecraft.sandstone":9,"stat.useItem.minecraft.mutton":4,"stat.useItem.minecraft.planks":25,"stat.useItem.minecraft.water_bucket":86,"stat.useItem.minecraft.diamond_hoe":23,"achievement.diamonds":21,"stat.useItem.minecraft.rail":1,"stat.killEntity.Enderman":3,"stat.mineBlock.minecraft.wooden_slab":2,"stat.useItem.minecraft.anvil":1,"stat.craftItem.minecraft.iron_shovel":2,"achievement.buildPickaxe":10,"stat.mineBlock.minecraft.sand":22,"achievement.buildBetterPickaxe":9,"stat.useItem.minecraft.iron_pickaxe":951,"stat.craftItem.minecraft.wooden_pickaxe":1,"stat.useItem.minecraft.iron_shovel":112,"stat.craftItem.minecraft.birch_door":3,"stat.furnaceInteraction":59,"stat.useItem.minecraft.cooked_mutton":27,"achievement.mineWood":90,"stat.mineBlock.minecraft.stained_hardened_clay":8,"achievement.openInventory":171,"stat.useItem.minecraft.wheat_seeds":3,"stat.useItem.minecraft.beef":8,"stat.mineBlock.minecraft.oak_stairs":2,"stat.deaths":7,"stat.playOneMinute":370089,"stat.craftItem.minecraft.iron_pickaxe":3,"stat.mineBlock.minecraft.tallgrass":135,"stat.craftItem.minecraft.cooked_mutton":54,"stat.chestOpened":225,"stat.useItem.minecraft.lapis_ore":1,"stat.useItem.minecraft.stone":30,"stat.fallOneCm":69535,"stat.crouchOneCm":44311,"achievement.killCow":12,"stat.mineBlock.minecraft.chest":2,"stat.craftItem.minecraft.iron_ingot":243,"stat.craftItem.minecraft.chest":8,"stat.craftingTableInteraction":42,"stat.mineBlock.minecraft.log2":6,"stat.useItem.minecraft.furnace":6,"stat.useItem.minecraft.reeds":30,"stat.mineBlock.minecraft.gravel":68,"stat.useItem.minecraft.stone_pickaxe":146,"stat.craftItem.minecraft.iron_leggings":1,"stat.useItem.minecraft.enchanting_table":2,"stat.useItem.minecraft.stone_sword":1,"stat.killEntity.Rabbit":2,"stat.useItem.minecraft.wool":1,"stat.mineBlock.minecraft.dirt":63,"stat.useItem.minecraft.torch":8,"stat.useItem.minecraft.log":17,"stat.useItem.minecraft.cobblestone":246,"stat.craftItem.minecraft.crafting_table":4,"stat.useItem.minecraft.gravel":38,"stat.mineBlock.minecraft.double_plant":6,"stat.minecartOneCm":808,"stat.craftItem.minecraft.gold_ingot":37,"stat.breakItem.minecraft.iron_helmet":1,"stat.useItem.minecraft.birch_door":2,"stat.craftItem.minecraft.bucket":1,"stat.craftItem.minecraft.planks":328,"stat.useItem.minecraft.iron_sword":557,"stat.itemEnchanted":18,"stat.mineBlock.minecraft.log":94,"stat.craftItem.minecraft.cooked_chicken":24,"achievement.acquireIron":18,"stat.craftItem.minecraft.paper":186,"stat.craftItem.minecraft.enchanting_table":1,"stat.horseOneCm":52009,"stat.useItem.minecraft.iron_axe":129,"stat.mineBlock.minecraft.cobblestone":61,"stat.entityKilledBy.Witch":1,"stat.useItem.minecraft.diamond_sword":194,"stat.craftItem.minecraft.diamond_helmet":1,"stat.swimOneCm":67897,"stat.climbOneCm":10878,"achievement.buildWorkBench":6,"stat.breakItem.minecraft.iron_pickaxe":3,"stat.craftItem.minecraft.arrow":12,"stat.useItem.minecraft.dirt":104,"achievement.exploreAllBiomes":{"value":0,"progress":["Birch Forest Hills","Beach","ForestHills","Birch Forest","River","Ocean","Forest","Desert","Swampland","Savanna"]},"stat.craftItem.minecraft.furnace":6,"stat.craftItem.minecraft.iron_boots":1,"stat.craftItem.minecraft.stone_pickaxe":3,"stat.craftItem.minecraft.cooked_beef":35,"stat.mineBlock.minecraft.obsidian":4,"stat.flyOneCm":445424,"stat.useItem.minecraft.cooked_beef":12,"stat.mineBlock.minecraft.iron_ore":241,"stat.craftItem.minecraft.book":62,"stat.timeSinceDeath":30273,"stat.useItem.minecraft.wooden_slab":4,"stat.craftItem.minecraft.iron_block":3,"stat.useItem.minecraft.potato":25,"stat.mineBlock.minecraft.enchanting_table":1,"stat.killEntity.Wolf":1,"stat.useItem.minecraft.cooked_porkchop":19,"stat.mineBlock.minecraft.coal_ore":259,"stat.killEntity.Creeper":8,"stat.mineBlock.minecraft.ladder":2,"stat.entityKilledBy.Skeleton":1,"achievement.buildSword":5,"stat.sprintOneCm":908987,"stat.craftItem.minecraft.stick":176,"stat.mineBlock.minecraft.diamond_ore":23,"stat.useItem.minecraft.diamond_pickaxe":1174,"stat.mineBlock.minecraft.quartz_block":5,"stat.useItem.minecraft.bucket":96,"stat.entityKilledBy.Creeper":1,"achievement.killEnemy":157,"achievement.buildFurnace":10,"stat.mineBlock.minecraft.planks":8,"stat.drop":19,"stat.killEntity.Sheep":53,"stat.useItem.minecraft.ladder":18,"stat.killEntity.Zombie":117,"stat.mineBlock.minecraft.gold_ore":38,"stat.diveOneCm":42015,"stat.craftItem.minecraft.sandstone":5,"stat.mineBlock.minecraft.mossy_cobblestone":19,"stat.craftItem.minecraft.ladder":27,"stat.craftItem.minecraft.cooked_porkchop":21,"stat.useItem.minecraft.chicken":7,"stat.useItem.minecraft.porkchop":7,"stat.craftItem.minecraft.diamond_sword":2,"stat.jump":3865,"stat.craftItem.minecraft.torch":12,"stat.craftItem.minecraft.iron_helmet":1,"stat.useItem.minecraft.coal_ore":2,"stat.useItem.minecraft.cooked_chicken":16,"stat.useItem.minecraft.sapling":7,"stat.mineBlock.minecraft.lapis_ore":22,"stat.mineBlock.minecraft.leaves2":6,"stat.damageTaken":6531,"stat.mineBlock.minecraft.red_flower":1,"stat.mineBlock.minecraft.furnace":2,"stat.mineBlock.minecraft.torch":4,"stat.useItem.minecraft.wooden_pickaxe":35,"stat.useItem.minecraft.carrot_on_a_stick":7,"stat.damageDealt":60171,"stat.craftItem.minecraft.anvil":1,"stat.killEntity.Cow":28,"stat.useItem.minecraft.crafting_table":4,"stat.killEntity.Pig":17,"stat.craftItem.minecraft.iron_sword":2,"stat.walkOneCm":1364829,"stat.useItem.minecraft.chest":10,"stat.playerKills":8,"achievement.enchantments":2,"stat.useItem.minecraft.lava_bucket":7,"stat.craftItem.minecraft.diamond_boots":1,"stat.useItem.minecraft.stained_hardened_clay":5,"stat.killEntity.Skeleton":24,"stat.craftItem.minecraft.bookshelf":21,"stat.killEntity.Chicken":38,"stat.killEntity.Spider":7,"stat.mobKills":302,"stat.mineBlock.minecraft.bookshelf":6,"stat.mineBlock.minecraft.leaves":21,"achievement.bookcase":18,"stat.mineBlock.minecraft.redstone_ore":76,"stat.mineBlock.minecraft.stone":1501,"stat.useItem.minecraft.sandstone":13}