{"stat.chestOpened":7,"stat.horseOneCm":2025,"stat.leaveGame":2,"stat.mineBlock.minecraft.pumpkin":1,"stat.mineBlock.minecraft.brown_mushroom":2,"stat.useItem.minecraft.rotten_flesh":5,"stat.swimOneCm":19521,"stat.jump":547,"stat.fallOneCm":10841,"stat.climbOneCm":3095,"stat.useItem.minecraft.planks":1,"achievement.buildWorkBench":2,"stat.useItem.minecraft.dirt":3,"achievement.exploreAllBiomes":{"value":0,"progress":["Birch Forest Hills","Beach","Birch Forest","Roofed Forest","River","Ocean","Swampland","Hell","Savanna"]},"stat.craftingTableInteraction":1,"stat.mineBlock.minecraft.leaves2":1,"stat.damageTaken":1585,"stat.craftItem.minecraft.wooden_sword":1,"stat.flyOneCm":60779,"stat.damageDealt":120,"stat.timeSinceDeath":10361,"stat.mineBlock.minecraft.dirt":4,"stat.useItem.minecraft.crafting_table":1,"stat.walkOneCm":125481,"stat.useItem.minecraft.pumpkin":1,"stat.mineBlock.minecraft.vine":1,"stat.craftItem.minecraft.crafting_table":1,"stat.minecartOneCm":196,"stat.mineBlock.minecraft.red_mushroom_block":4,"stat.entityKilledBy.Skeleton":1,"achievement.buildSword":2,"achievement.mineWood":2,"stat.sprintOneCm":32580,"stat.craftItem.minecraft.stick":4,"achievement.openInventory":7,"stat.craftItem.minecraft.planks":12,"stat.mineBlock.minecraft.log":3,"stat.deaths":6,"stat.mineBlock.minecraft.planks":1,"stat.mineBlock.minecraft.leaves":11,"stat.playOneMinute":35537,"stat.useItem.minecraft.wooden_sword":3,"stat.diveOneCm":12575}