{"stat.walkOneCm":18380,"stat.leaveGame":6,"stat.damageTaken":500,"stat.mineBlock.minecraft.double_plant":1,"stat.minecartOneCm":291,"stat.flyOneCm":14669,"stat.deaths":3,"stat.jump":129,"stat.swimOneCm":5250,"stat.playOneMinute":4484,"stat.fallOneCm":4346,"stat.climbOneCm":691,"stat.entityKilledBy.Skeleton":1,"stat.damageDealt":75,"stat.timeSinceDeath":27,"stat.sprintOneCm":11894,"stat.mineBlock.minecraft.dirt":1,"achievement.exploreAllBiomes":{"value":0,"progress":["Birch Forest Hills","Birch Forest","River","Swampland"]},"stat.diveOneCm":2680}