{"stat.craftItem.minecraft.diamond_chestplate":1,"stat.useItem.minecraft.bow":18,"stat.horseOneCm":2959,"stat.useItem.minecraft.iron_axe":193,"stat.leaveGame":8,"stat.mineBlock.minecraft.pumpkin":1,"stat.mineBlock.minecraft.cobblestone":18,"stat.killEntity.Blaze":3,"stat.killEntity.PigZombie":10,"stat.swimOneCm":58042,"stat.useItem.minecraft.planks":24,"stat.climbOneCm":3096,"achievement.buildWorkBench":1,"stat.useItem.minecraft.dirt":49,"achievement.exploreAllBiomes":{"value":0,"progress":["Birch Forest Hills","Beach","DesertHills","Birch Forest","Roofed Forest","River","Ocean","Plains","Desert","Swampland","Savanna","Hell"]},"stat.mineBlock.minecraft.nether_brick_fence":2,"stat.craftItem.minecraft.furnace":1,"stat.craftItem.minecraft.cooked_beef":33,"stat.killEntity.Enderman":1,"stat.flyOneCm":218590,"stat.useItem.minecraft.ender_pearl":1,"stat.mineBlock.minecraft.sand":17,"stat.useItem.minecraft.cooked_beef":10,"stat.mineBlock.minecraft.iron_ore":45,"stat.timeSinceDeath":14383,"stat.useItem.minecraft.iron_shovel":248,"stat.furnaceInteraction":36,"stat.mineBlock.minecraft.coal_ore":34,"stat.mineBlock.minecraft.nether_brick":55,"stat.useItem.minecraft.redstone":8,"achievement.mineWood":142,"stat.sprintOneCm":227712,"stat.useItem.minecraft.stone_stairs":12,"achievement.openInventory":138,"stat.mineBlock.minecraft.diamond_ore":8,"stat.useItem.minecraft.flint_and_steel":50,"stat.mineBlock.minecraft.crafting_table":4,"stat.useItem.minecraft.diamond_pickaxe":806,"stat.mineBlock.minecraft.soul_sand":20,"stat.deaths":3,"stat.mineBlock.minecraft.planks":17,"stat.drop":13,"stat.playOneMinute":218500,"stat.killEntity.Sheep":4,"stat.breakItem.minecraft.iron_shovel":1,"stat.killEntity.Zombie":5,"stat.mineBlock.minecraft.tallgrass":20,"stat.craftItem.minecraft.cooked_mutton":5,"stat.diveOneCm":47490,"stat.chestOpened":20,"stat.useItem.minecraft.stone":12,"stat.mineBlock.minecraft.netherrack":244,"stat.craftItem.minecraft.cooked_porkchop":2,"stat.mineBlock.minecraft.deadbush":1,"stat.jump":1805,"stat.fallOneCm":40000,"stat.crouchOneCm":5872,"stat.craftItem.minecraft.iron_ingot":11,"stat.useItem.minecraft.cooked_chicken":12,"stat.craftingTableInteraction":12,"stat.craftItem.minecraft.flint_and_steel":1,"stat.mineBlock.minecraft.leaves2":18,"stat.mineBlock.minecraft.stone_stairs":4,"stat.mineBlock.minecraft.log2":128,"stat.damageTaken":3563,"stat.mineBlock.minecraft.furnace":1,"stat.useItem.minecraft.furnace":1,"stat.mineBlock.minecraft.gravel":2,"stat.craftItem.minecraft.iron_leggings":1,"stat.damageDealt":11080,"stat.mineBlock.minecraft.nether_brick_stairs":1,"stat.killEntity.Cow":16,"stat.mineBlock.minecraft.dirt":364,"stat.useItem.minecraft.crafting_table":4,"stat.killEntity.Pig":3,"stat.walkOneCm":598350,"stat.craftItem.minecraft.stone_stairs":20,"stat.useItem.minecraft.cobblestone":225,"stat.craftItem.minecraft.crafting_table":1,"stat.mineBlock.minecraft.double_plant":2,"stat.useItem.minecraft.netherrack":132,"stat.killEntity.Skeleton":5,"stat.useItem.minecraft.iron_sword":164,"stat.craftItem.minecraft.planks":152,"stat.killEntity.Chicken":13,"stat.killEntity.Spider":1,"stat.mineBlock.minecraft.quartz_ore":114,"stat.mineBlock.minecraft.glowstone":45,"stat.mobKills":61,"stat.mineBlock.minecraft.log":36,"stat.craftItem.minecraft.cooked_chicken":12,"stat.mineBlock.minecraft.leaves":7,"stat.mineBlock.minecraft.stone":207}