{"stat.chestOpened":10,"stat.walkOneCm":300996,"stat.horseOneCm":51407,"stat.mineBlock.minecraft.netherrack":304,"stat.leaveGame":14,"stat.breakItem.minecraft.golden_sword":1,"stat.killEntity.Ghast":2,"stat.useItem.minecraft.soul_sand":4,"stat.useItem.minecraft.rotten_flesh":8,"stat.killEntity.PigZombie":17,"stat.swimOneCm":18302,"stat.jump":982,"stat.fallOneCm":15187,"stat.crouchOneCm":11673,"stat.breakItem.minecraft.iron_pickaxe":1,"stat.sprintOneCm":56763,"achievement.exploreAllBiomes":{"value":0,"progress":["Birch Forest Hills","Beach","DesertHills","Birch Forest","River","Desert","Hell"]},"stat.craftingTableInteraction":1,"stat.useItem.minecraft.netherrack":84,"stat.useItem.minecraft.golden_sword":68,"achievement.openInventory":25,"stat.useItem.minecraft.iron_sword":5,"stat.damageTaken":1081,"stat.mineBlock.minecraft.glowstone":1,"stat.mobKills":19,"stat.mineBlock.minecraft.soul_sand":3,"stat.craftItem.minecraft.glowstone":1,"stat.useItem.minecraft.beef":3,"stat.flyOneCm":41134,"stat.deaths":3,"stat.drop":6,"stat.mineBlock.minecraft.leaves":1,"stat.playOneMinute":54756,"stat.useItem.minecraft.nether_brick":1,"stat.damageDealt":3775,"stat.timeSinceDeath":28791,"stat.useItem.minecraft.iron_pickaxe":304,"stat.diveOneCm":10969}