{"stat.craftItem.minecraft.ladder":9,"stat.leaveGame":3,"stat.useItem.minecraft.porkchop":2,"stat.swimOneCm":2914,"stat.jump":123,"stat.fallOneCm":5012,"stat.useItem.minecraft.planks":106,"stat.climbOneCm":4518,"achievement.buildWorkBench":1,"stat.crouchOneCm":6162,"achievement.exploreAllBiomes":{"value":0,"progress":["Birch Forest Hills"]},"stat.craftingTableInteraction":8,"stat.damageTaken":190,"stat.craftItem.minecraft.wooden_sword":1,"stat.flyOneCm":13028,"stat.damageDealt":470,"stat.killEntity.Rabbit":1,"stat.timeSinceDeath":16012,"stat.useItem.minecraft.crafting_table":3,"stat.killEntity.Pig":1,"stat.craftItem.minecraft.birch_door":3,"stat.walkOneCm":63214,"stat.useItem.minecraft.log":1,"stat.craftItem.minecraft.crafting_table":2,"stat.killEntity.Creeper":1,"stat.mineBlock.minecraft.ladder":1,"achievement.mineWood":30,"stat.sprintOneCm":23356,"stat.craftItem.minecraft.stick":24,"stat.craftItem.minecraft.wooden_axe":1,"stat.useItem.minecraft.birch_door":1,"achievement.openInventory":11,"stat.craftItem.minecraft.planks":148,"stat.mineBlock.minecraft.crafting_table":1,"stat.mobKills":3,"stat.mineBlock.minecraft.log":38,"stat.mineBlock.minecraft.planks":11,"stat.mineBlock.minecraft.leaves":12,"stat.playOneMinute":16012,"stat.useItem.minecraft.wooden_sword":11,"stat.useItem.minecraft.ladder":8,"stat.useItem.minecraft.wooden_axe":53,"stat.mineBlock.minecraft.tallgrass":10,"stat.diveOneCm":2423}