{"stat.useItem.minecraft.bow":4,"stat.killEntity.EntityHorse":44,"stat.useItem.minecraft.quartz_block":21,"stat.leaveGame":47,"stat.useItem.minecraft.bookshelf":34,"stat.craftItem.minecraft.iron_axe":1,"stat.killEntity.Blaze":13,"stat.mineBlock.minecraft.sandstone":12,"stat.killEntity.PigZombie":35,"stat.useItem.minecraft.mutton":7,"stat.useItem.minecraft.planks":296,"stat.useItem.minecraft.golden_shovel":29,"stat.entityKilledBy.PigZombie":1,"stat.useItem.minecraft.water_bucket":30,"stat.mineBlock.minecraft.nether_brick_fence":2,"stat.craftItem.minecraft.stone_axe":2,"achievement.diamonds":49,"stat.killEntity.Enderman":2,"stat.mineBlock.minecraft.wooden_slab":54,"stat.craftItem.minecraft.stone_sword":1,"stat.useItem.minecraft.anvil":1,"stat.craftItem.minecraft.iron_shovel":1,"stat.useItem.minecraft.ender_pearl":1,"achievement.buildPickaxe":40,"stat.mineBlock.minecraft.sand":70,"stat.killEntity.Witch":1,"stat.craftItem.minecraft.wooden_hoe":1,"achievement.buildBetterPickaxe":36,"stat.useItem.minecraft.iron_pickaxe":2133,"stat.craftItem.minecraft.wooden_pickaxe":2,"stat.useItem.minecraft.iron_shovel":5,"stat.craftItem.minecraft.birch_door":6,"stat.craftItem.minecraft.bed":2,"stat.craftItem.minecraft.glass_pane":112,"stat.furnaceInteraction":379,"stat.mineBlock.minecraft.birch_stairs":3,"achievement.mineWood":239,"stat.mineBlock.minecraft.stained_hardened_clay":1,"stat.useItem.minecraft.stone_stairs":2,"achievement.openInventory":1259,"stat.mineBlock.minecraft.soul_sand":20,"stat.useItem.minecraft.beef":4,"stat.deaths":19,"stat.playOneMinute":897518,"stat.craftItem.minecraft.iron_pickaxe":13,"stat.mineBlock.minecraft.tallgrass":89,"stat.craftItem.minecraft.cooked_mutton":74,"stat.chestOpened":314,"stat.useItem.minecraft.cooked_rabbit":4,"stat.craftItem.minecraft.sign":3,"stat.useItem.minecraft.stone":164,"stat.mineBlock.minecraft.netherrack":1527,"stat.craftItem.minecraft.quartz_block":96,"stat.useItem.minecraft.quartz_ore":38,"stat.craftItem.minecraft.iron_hoe":1,"stat.fallOneCm":360056,"stat.crouchOneCm":226581,"achievement.killCow":60,"stat.craftItem.minecraft.iron_ingot":204,"stat.craftItem.minecraft.chest":4,"stat.craftingTableInteraction":146,"stat.mineBlock.minecraft.log2":46,"stat.useItem.minecraft.furnace":13,"stat.useItem.minecraft.reeds":132,"stat.craftItem.minecraft.wooden_sword":1,"stat.craftItem.minecraft.nether_brick":64,"stat.mineBlock.minecraft.gravel":51,"stat.useItem.minecraft.stone_pickaxe":271,"stat.craftItem.minecraft.birch_stairs":64,"stat.breakItem.minecraft.stone_axe":1,"stat.mineBlock.minecraft.glass":3,"stat.useItem.minecraft.stone_sword":154,"stat.craftItem.minecraft.iron_leggings":2,"stat.useItem.minecraft.enchanting_table":2,"stat.killEntity.Rabbit":34,"stat.useItem.minecraft.wool":50,"stat.mineBlock.minecraft.dirt":330,"stat.craftItem.minecraft.leather":2,"stat.useItem.minecraft.torch":31,"stat.useItem.minecraft.bread":8,"stat.useItem.minecraft.log":1,"stat.useItem.minecraft.cobblestone":715,"stat.craftItem.minecraft.crafting_table":6,"stat.useItem.minecraft.gravel":25,"stat.mineBlock.minecraft.double_plant":2,"stat.craftItem.minecraft.boat":2,"stat.killEntity.LavaSlime":5,"stat.minecartOneCm":44314,"stat.breakItem.minecraft.iron_boots":1,"stat.craftItem.minecraft.gold_ingot":19,"stat.breakItem.minecraft.iron_helmet":1,"stat.craftItem.minecraft.brewing_stand":1,"stat.useItem.minecraft.glass_pane":110,"stat.breakItem.minecraft.stone_shovel":1,"stat.breakItem.minecraft.iron_chestplate":1,"stat.useItem.minecraft.birch_door":10,"achievement.portal":21,"stat.craftItem.minecraft.bucket":1,"stat.craftItem.minecraft.planks":968,"stat.useItem.minecraft.iron_sword":289,"stat.itemEnchanted":24,"stat.mineBlock.minecraft.log":208,"stat.craftItem.minecraft.cooked_chicken":8,"achievement.acquireIron":122,"stat.craftItem.minecraft.paper":219,"stat.useItem.minecraft.wooden_axe":106,"stat.useItem.minecraft.brewing_stand":1,"stat.craftItem.minecraft.enchanting_table":1,"stat.craftItem.minecraft.diamond_chestplate":2,"stat.craftItem.minecraft.cooked_rabbit":4,"stat.craftItem.minecraft.diamond_leggings":2,"stat.horseOneCm":71365,"stat.useItem.minecraft.iron_axe":144,"stat.mineBlock.minecraft.pumpkin":12,"stat.useItem.minecraft.log2":13,"stat.mineBlock.minecraft.cobblestone":64,"stat.useItem.minecraft.diamond_sword":44,"stat.swimOneCm":224154,"stat.climbOneCm":51119,"achievement.buildWorkBench":9,"stat.breakItem.minecraft.iron_pickaxe":6,"stat.useItem.minecraft.dirt":243,"achievement.exploreAllBiomes":{"value":0,"progress":["Birch Forest Hills","Savanna Plateau","Sunflower Plains","ForestHills","Desert M","Birch Forest","Plains","Beach","DesertHills","Ocean","River","Forest","Desert","Extreme Hills","Savanna M","Swampland","Savanna","Hell"]},"stat.craftItem.minecraft.furnace":8,"stat.useItem.minecraft.red_flower":7,"stat.craftItem.minecraft.iron_boots":2,"stat.useItem.minecraft.iron_ore":5,"stat.craftItem.minecraft.stone_pickaxe":3,"stat.craftItem.minecraft.cooked_beef":66,"stat.mineBlock.minecraft.obsidian":4,"stat.craftItem.minecraft.bow":4,"stat.useItem.minecraft.stone_shovel":219,"stat.flyOneCm":2674374,"stat.useItem.minecraft.cooked_beef":10,"stat.craftItem.minecraft.wooden_slab":156,"stat.mineBlock.minecraft.iron_ore":172,"stat.craftItem.minecraft.book":54,"stat.timeSinceDeath":11012,"stat.useItem.minecraft.sign":6,"stat.useItem.minecraft.wooden_slab":184,"stat.craftItem.minecraft.iron_block":3,"stat.killEntity.Bat":1,"stat.mineBlock.minecraft.enchanting_table":1,"stat.useItem.minecraft.cooked_porkchop":17,"stat.mineBlock.minecraft.coal_ore":209,"stat.mineBlock.minecraft.nether_brick":66,"stat.killEntity.Creeper":10,"stat.talkedToVillager":3,"achievement.buildSword":9,"stat.killEntity.Squid":46,"stat.sprintOneCm":2110512,"stat.craftItem.minecraft.stick":396,"stat.craftItem.minecraft.wooden_axe":1,"stat.useItem.minecraft.bed":2,"stat.craftItem.minecraft.stone":69,"stat.mineBlock.minecraft.diamond_ore":45,"stat.mineBlock.minecraft.crafting_table":8,"stat.useItem.minecraft.diamond_pickaxe":1963,"stat.mineBlock.minecraft.quartz_block":15,"stat.useItem.minecraft.carrot":107,"stat.useItem.minecraft.bucket":33,"achievement.killEnemy":194,"stat.breakItem.minecraft.golden_shovel":1,"achievement.buildFurnace":16,"stat.mineBlock.minecraft.planks":53,"stat.drop":50,"stat.killEntity.Sheep":69,"stat.useItem.minecraft.ladder":99,"stat.craftItem.minecraft.diamond_pickaxe":2,"stat.killEntity.Zombie":85,"stat.craftItem.minecraft.dye":3,"stat.useItem.minecraft.birch_stairs":67,"stat.mineBlock.minecraft.gold_ore":19,"stat.diveOneCm":288864,"stat.mineBlock.minecraft.mossy_cobblestone":7,"stat.craftItem.minecraft.ladder":126,"achievement.buildHoe":2,"stat.craftItem.minecraft.cooked_porkchop":24,"stat.breakItem.minecraft.wooden_axe":1,"stat.useItem.minecraft.porkchop":5,"stat.useItem.minecraft.rotten_flesh":105,"stat.craftItem.minecraft.diamond_sword":1,"stat.jump":15325,"stat.useItem.minecraft.sand":7,"stat.useItem.minecraft.stone_axe":188,"stat.craftItem.minecraft.bread":7,"stat.craftItem.minecraft.torch":28,"stat.craftItem.minecraft.iron_helmet":2,"achievement.makeBread":14,"stat.useItem.minecraft.cooked_chicken":3,"stat.useItem.minecraft.glass":3,"stat.boatOneCm":77594,"stat.useItem.minecraft.sapling":35,"stat.mineBlock.minecraft.lapis_ore":25,"achievement.blazeRod":5,"stat.mineBlock.minecraft.glass_pane":13,"stat.mineBlock.minecraft.leaves2":2,"stat.brewingstandInteraction":1,"stat.damageTaken":18578,"stat.mineBlock.minecraft.furnace":5,"stat.mineBlock.minecraft.torch":2,"stat.useItem.minecraft.wooden_pickaxe":70,"stat.mineBlock.minecraft.sapling":5,"stat.useItem.minecraft.carrot_on_a_stick":3,"stat.craftItem.minecraft.netherbrick":256,"stat.craftItem.minecraft.birch_fence":30,"stat.useItem.minecraft.birch_fence":31,"stat.breakItem.minecraft.iron_leggings":1,"stat.damageDealt":38882,"stat.craftItem.minecraft.glass":45,"stat.craftItem.minecraft.anvil":1,"stat.killEntity.Cow":46,"stat.useItem.minecraft.crafting_table":15,"stat.killEntity.Pig":23,"stat.craftItem.minecraft.iron_sword":2,"stat.craftItem.minecraft.stone_shovel":2,"stat.walkOneCm":4098442,"stat.mineBlock.minecraft.birch_fence":3,"stat.useItem.minecraft.chest":4,"stat.playerKills":3,"stat.useItem.minecraft.pumpkin":5,"achievement.enchantments":2,"stat.useItem.minecraft.lava_bucket":2,"stat.useItem.minecraft.gold_ore":1,"stat.breakItem.minecraft.stone_pickaxe":1,"stat.craftItem.minecraft.diamond_boots":1,"stat.useItem.minecraft.item_frame":2,"stat.craftItem.minecraft.iron_chestplate":4,"stat.mineBlock.minecraft.wool":7,"stat.useItem.minecraft.netherrack":375,"stat.killEntity.Skeleton":28,"stat.craftItem.minecraft.bookshelf":34,"stat.killEntity.Chicken":27,"stat.killEntity.Spider":15,"stat.mineBlock.minecraft.quartz_ore":982,"stat.mineBlock.minecraft.glowstone":19,"stat.mobKills":495,"stat.mineBlock.minecraft.bookshelf":18,"stat.useItem.minecraft.boat":2,"stat.mineBlock.minecraft.leaves":5,"achievement.bookcase":60,"stat.mineBlock.minecraft.redstone_ore":34,"stat.breakItem.minecraft.stone_sword":1,"stat.mineBlock.minecraft.stone":1183,"stat.useItem.minecraft.sandstone":9,"stat.breakItem.minecraft.wooden_pickaxe":1}