{"stat.chestOpened":1,"stat.walkOneCm":44928,"achievement.openInventory":2,"stat.leaveGame":4,"stat.damageTaken":250,"stat.useItem.minecraft.carrot":4,"stat.flyOneCm":17586,"stat.deaths":1,"stat.swimOneCm":12863,"stat.jump":143,"stat.playOneMinute":8256,"stat.climbOneCm":785,"stat.fallOneCm":3965,"stat.crouchOneCm":101,"stat.timeSinceDeath":5959,"stat.sprintOneCm":22014,"achievement.exploreAllBiomes":{"value":0,"progress":["Birch Forest Hills","Beach","Birch Forest","River","Ocean","Desert","Hell"]},"stat.diveOneCm":7826}