{"stat.chestOpened":3,"stat.walkOneCm":47962,"stat.playerKills":1,"achievement.openInventory":11,"stat.horseOneCm":2698,"stat.pigOneCm":44768,"stat.leaveGame":8,"stat.damageTaken":5352,"stat.useItem.minecraft.carrot_on_a_stick":2,"stat.useItem.minecraft.potion":1,"stat.flyOneCm":49674,"stat.deaths":2,"stat.jump":177,"stat.swimOneCm":261,"stat.playOneMinute":32344,"stat.fallOneCm":5146,"stat.climbOneCm":6904,"stat.crouchOneCm":4706,"stat.timeSinceDeath":12857,"stat.sprintOneCm":21428,"stat.useItem.minecraft.spawn_egg":1,"achievement.exploreAllBiomes":{"value":0,"progress":["Birch Forest Hills","Savanna Plateau","Beach","Birch Forest","Ocean","River","Desert","Savanna"]},"stat.diveOneCm":6167}